R,G,B,X,Y,Z,Lv,sx,sy,sz,lT,duv
1023.000000,1023.000000,1023.000000,570.287354,601.380005,653.689392,601.380005,0.312425,0.329459,0.358116,6526.000000,0.003592
1023.000000,0.000000,0.000000,248.541901,130.180283,19.501558,130.180283,0.624126,0.326902,0.048971,-1.000000,-1.000000
0.000000,1023.000000,0.000000,225.904205,436.842255,87.551666,436.842255,0.301086,0.582225,0.116689,6187.000000,0.094887
0.000000,0.000000,1023.000000,106.656601,40.697758,546.878662,40.697758,0.153632,0.058623,0.787745,-1.000000,-1.000000
